,title,rating,director,year,runtime,age rating,image link,webpage
0,The Shawshank Redemption,9.3,Frank Darabont,1994,2h 22m,15,images\TheShawshankRedemption.jpg,http://www.imdb.com/title/tt0111161/
1,The Godfather,9.2,Francis Ford Coppola,1972,2h 55m,X,images\TheGodfather.jpg,http://www.imdb.com/title/tt0068646/
2,The Dark Knight,9.0,Christopher Nolan,2008,2h 32m,12A,images\TheDarkKnight.jpg,http://www.imdb.com/title/tt0468569/
3,The Godfather Part II,9.0,Francis Ford Coppola,1974,3h 22m,X,images\TheGodfatherPartII.jpg,http://www.imdb.com/title/tt0071562/
4,12 Angry Men,9.0,Sidney Lumet,1957,1h 36m,U,images\12AngryMen.jpg,http://www.imdb.com/title/tt0050083/
5,Schindler's List,9.0,Steven Spielberg,1993,3h 15m,15,images\SchindlersList.jpg,http://www.imdb.com/title/tt0108052/
6,The Lord of the Rings: The Return of the King,9.0,Peter Jackson,2003,3h 21m,12A,images\TheLordoftheRingsTheReturnoftheKing.jpg,http://www.imdb.com/title/tt0167260/
7,Pulp Fiction,8.9,Quentin Tarantino,1994,2h 34m,18,images\PulpFiction.jpg,http://www.imdb.com/title/tt0110912/
8,The Lord of the Rings: The Fellowship of the Ring,8.8,Peter Jackson,2001,2h 58m,PG,images\TheLordoftheRingsTheFellowshipoftheRing.jpg,http://www.imdb.com/title/tt0120737/
9,"The Good, the Bad and the Ugly",8.8,Sergio Leone,1966,2h 28m,X,images\TheGoodtheBadandtheUgly.jpg,http://www.imdb.com/title/tt0060196/
10,Forrest Gump,8.8,Robert Zemeckis,1994,2h 22m,12,images\ForrestGump.jpg,http://www.imdb.com/title/tt0109830/
11,Fight Club,8.8,David Fincher,1999,2h 19m,18,images\FightClub.jpg,http://www.imdb.com/title/tt0137523/
12,The Lord of the Rings: The Two Towers,8.8,Peter Jackson,2002,2h 59m,12A,images\TheLordoftheRingsTheTwoTowers.jpg,http://www.imdb.com/title/tt0167261/
13,Inception,8.8,Christopher Nolan,2010,2h 28m,12A,images\Inception.jpg,http://www.imdb.com/title/tt1375666/
14,Star Wars: Episode V - The Empire Strikes Back,8.7,Irvin Kershner,1980,2h 4m,U,images\StarWarsEpisodeVTheEmpireStrikesBack.jpg,http://www.imdb.com/title/tt0080684/
15,The Matrix,8.7,Lana WachowskiLilly Wachowski,1999,2h 16m,15,images\TheMatrix.jpg,http://www.imdb.com/title/tt0133093/
16,GoodFellas,8.7,Martin Scorsese,1990,2h 25m,18,images\GoodFellas.jpg,http://www.imdb.com/title/tt0099685/
17,One Flew Over the Cuckoo's Nest,8.7,Milos Forman,1975,2h 13m,15,images\OneFlewOvertheCuckoosNest.jpg,http://www.imdb.com/title/tt0073486/
18,Seven,8.6,David Fincher,1995,2h 7m,18,images\Seven.jpg,http://www.imdb.com/title/tt0114369/
19,It's a Wonderful Life,8.6,Frank Capra,1946,2h 10m,U,images\ItsaWonderfulLife.jpg,http://www.imdb.com/title/tt0038650/
20,Seven Samurai,8.6,Akira Kurosawa,1954,3h 27m,A,images\SevenSamurai.jpg,http://www.imdb.com/title/tt0047478/
21,The Silence of the Lambs,8.6,Jonathan Demme,1991,1h 58m,18,images\TheSilenceoftheLambs.jpg,http://www.imdb.com/title/tt0102926/
22,Saving Private Ryan,8.6,Steven Spielberg,1998,2h 49m,15,images\SavingPrivateRyan.jpg,http://www.imdb.com/title/tt0120815/
23,City of God,8.6,Fernando MeirellesKátia Lund,2002,2h 10m,18,images\CityofGod.jpg,http://www.imdb.com/title/tt0317248/
24,Interstellar,8.7,Christopher Nolan,2014,2h 49m,12A,images\Interstellar.jpg,http://www.imdb.com/title/tt0816692/
25,Life Is Beautiful,8.6,Roberto Benigni,1997,1h 56m,PG,images\LifeIsBeautiful.jpg,http://www.imdb.com/title/tt0118799/
26,The Green Mile,8.6,Frank Darabont,1999,3h 9m,18,images\TheGreenMile.jpg,http://www.imdb.com/title/tt0120689/
27,Star Wars: Episode IV - A New Hope,8.6,George Lucas,1977,2h 1m,U,images\StarWarsEpisodeIVANewHope.jpg,http://www.imdb.com/title/tt0076759/
28,Terminator 2: Judgment Day,8.6,James Cameron,1991,2h 17m,15,images\Terminator2JudgmentDay.jpg,http://www.imdb.com/title/tt0103064/
29,Back to the Future,8.5,Robert Zemeckis,1985,1h 56m,PG,images\BacktotheFuture.jpg,http://www.imdb.com/title/tt0088763/
30,Spirited Away,8.6,Hayao Miyazaki,2001,2h 5m,PG,images\SpiritedAway.jpg,http://www.imdb.com/title/tt0245429/
31,The Pianist,8.5,Roman Polanski,2002,2h 30m,15,images\ThePianist.jpg,http://www.imdb.com/title/tt0253474/
32,Psycho,8.5,Alfred Hitchcock,1960,1h 49m,15,images\Psycho.jpg,http://www.imdb.com/title/tt0054215/
33,Parasite,8.5,Bong Joon Ho,2019,2h 12m,15,images\Parasite.jpg,http://www.imdb.com/title/tt6751668/
34,Leon,8.5,Luc Besson,1994,1h 50m,18,images\Leon.jpg,http://www.imdb.com/title/tt0110413/
35,Gladiator,8.5,Ridley Scott,2000,2h 35m,15,images\Gladiator.jpg,http://www.imdb.com/title/tt0172495/
36,The Lion King,8.5,Roger AllersRob Minkoff,1994,1h 28m,U,images\TheLionKing.jpg,http://www.imdb.com/title/tt0110357/
37,American History X,8.5,Tony Kaye,1998,1h 59m,18,images\AmericanHistoryX.jpg,http://www.imdb.com/title/tt0120586/
38,The Departed,8.5,Martin Scorsese,2006,2h 31m,18,images\TheDeparted.jpg,http://www.imdb.com/title/tt0407887/
39,Whiplash,8.5,Damien Chazelle,2014,1h 46m,15,images\Whiplash.jpg,http://www.imdb.com/title/tt2582802/
40,The Prestige,8.5,Christopher Nolan,2006,2h 10m,12A,images\ThePrestige.jpg,http://www.imdb.com/title/tt0482571/
41,The Usual Suspects,8.5,Bryan Singer,1995,1h 46m,18,images\TheUsualSuspects.jpg,http://www.imdb.com/title/tt0114814/
42,Casablanca,8.5,Michael Curtiz,1942,1h 42m,U,images\Casablanca.jpg,http://www.imdb.com/title/tt0034583/
43,Grave of the Fireflies,8.5,Isao Takahata,1988,1h 29m,12A,images\GraveoftheFireflies.jpg,http://www.imdb.com/title/tt0095327/
44,Harakiri,8.6,Masaki Kobayashi,1962,2h 13m,X,images\Harakiri.jpg,http://www.imdb.com/title/tt0056058/
45,Untouchable,8.5,Olivier NakacheÉric Toledano,2011,1h 52m,15,images\Untouchable.jpg,http://www.imdb.com/title/tt1675434/
46,Modern Times,8.5,Charles Chaplin,1936,1h 27m,U,images\ModernTimes.jpg,http://www.imdb.com/title/tt0027977/
47,Once Upon a Time in the West,8.5,Sergio Leone,1968,2h 45m,AA,images\OnceUponaTimeintheWest.jpg,http://www.imdb.com/title/tt0064116/
48,Cinema Paradiso,8.5,Giuseppe Tornatore,1988,2h 35m,PG,images\CinemaParadiso.jpg,http://www.imdb.com/title/tt0095765/
49,Rear Window,8.5,Alfred Hitchcock,1954,1h 52m,A,images\RearWindow.jpg,http://www.imdb.com/title/tt0047396/
50,Alien,8.5,Ridley Scott,1979,1h 57m,X,images\Alien.jpg,http://www.imdb.com/title/tt0078748/
51,City Lights,8.5,Charles Chaplin,1931,1h 27m,U,images\CityLights.jpg,http://www.imdb.com/title/tt0021749/
52,Apocalypse Now,8.4,Francis Ford Coppola,1979,2h 27m,X,images\ApocalypseNow.jpg,http://www.imdb.com/title/tt0078788/
53,Memento,8.4,Christopher Nolan,2000,1h 53m,15,images\Memento.jpg,http://www.imdb.com/title/tt0209144/
54,Django Unchained,8.4,Quentin Tarantino,2012,2h 45m,18,images\DjangoUnchained.jpg,http://www.imdb.com/title/tt1853728/
55,Raiders of the Lost Ark,8.4,Steven Spielberg,1981,1h 55m,A,images\RaidersoftheLostArk.jpg,http://www.imdb.com/title/tt0082971/
56,WALL·E,8.4,Andrew Stanton,2008,1h 38m,U,images\WALLE.jpg,http://www.imdb.com/title/tt0910970/
57,The Lives of Others,8.4,Florian Henckel von Donnersmarck,2006,2h 17m,15,images\TheLivesofOthers.jpg,http://www.imdb.com/title/tt0405094/
58,Sunset Blvd.,8.4,Billy Wilder,1950,1h 50m,PG,images\SunsetBlvd.jpg,http://www.imdb.com/title/tt0043014/
59,Paths of Glory,8.4,Stanley Kubrick,1957,1h 28m,PG,images\PathsofGlory.jpg,http://www.imdb.com/title/tt0050825/
60,The Shining,8.4,Stanley Kubrick,1980,2h 26m,X,images\TheShining.jpg,http://www.imdb.com/title/tt0081505/
61,The Great Dictator,8.4,Charles Chaplin,1940,2h 5m,U,images\TheGreatDictator.jpg,http://www.imdb.com/title/tt0032553/
62,Avengers: Infinity War,8.4,Anthony RussoJoe Russo,2018,2h 29m,12A,images\AvengersInfinityWar.jpg,http://www.imdb.com/title/tt4154756/
63,Witness for the Prosecution,8.4,Billy Wilder,1957,1h 56m,U,images\WitnessfortheProsecution.jpg,http://www.imdb.com/title/tt0051201/
64,Aliens,8.4,James Cameron,1986,2h 17m,R,images\Aliens.jpg,http://www.imdb.com/title/tt0090605/
65,Spider-Man: Into the Spider-Verse,8.4,Bob PersichettiPeter RamseyRodney Rothman,2018,1h 57m,PG,images\SpiderManIntotheSpiderVerse.jpg,http://www.imdb.com/title/tt4633694/
66,American Beauty,8.3,Sam Mendes,1999,2h 2m,18,images\AmericanBeauty.jpg,http://www.imdb.com/title/tt0169547/
67,Dr. Strangelove or: How I Learned to Stop Worrying and Love the Bomb,8.4,Stanley Kubrick,1964,1h 35m,A,images\DrStrangeloveorHowILearnedtoStopWorryingandLovetheBomb.jpg,http://www.imdb.com/title/tt0057012/
68,The Dark Knight Rises,8.4,Christopher Nolan,2012,2h 44m,12A,images\TheDarkKnightRises.jpg,http://www.imdb.com/title/tt1345836/
69,Inglourious Basterds,8.3,Quentin Tarantino,2009,2h 33m,18,images\InglouriousBasterds.jpg,http://www.imdb.com/title/tt0361748/
70,Oldboy,8.4,Park Chan-wook,2003,2h,18,images\Oldboy.jpg,http://www.imdb.com/title/tt0364569/
71,Amadeus,8.4,Milos Forman,1984,2h 40m,PG,images\Amadeus.jpg,http://www.imdb.com/title/tt0086879/
72,Coco,8.4,Lee UnkrichAdrian Molina,2017,1h 45m,PG,images\Coco.jpg,http://www.imdb.com/title/tt2380307/
73,Toy Story,8.3,John Lasseter,1995,1h 21m,PG,images\ToyStory.jpg,http://www.imdb.com/title/tt0114709/
74,Braveheart,8.4,Mel Gibson,1995,2h 58m,15,images\Braveheart.jpg,http://www.imdb.com/title/tt0112573/
75,Joker,8.4,Todd Phillips,2019,2h 2m,15,images\Joker.jpg,http://www.imdb.com/title/tt7286456/
76,Das Boot,8.4,Wolfgang Petersen,1981,2h 29m,AA,images\DasBoot.jpg,http://www.imdb.com/title/tt0082096/
77,Avengers: Endgame,8.4,Anthony RussoJoe Russo,2019,3h 1m,12A,images\AvengersEndgame.jpg,http://www.imdb.com/title/tt4154796/
78,Princess Mononoke,8.3,Hayao Miyazaki,1997,2h 14m,PG,images\PrincessMononoke.jpg,http://www.imdb.com/title/tt0119698/
79,Good Will Hunting,8.3,Gus Van Sant,1997,2h 6m,15,images\GoodWillHunting.jpg,http://www.imdb.com/title/tt0119217/
80,Once Upon a Time in America,8.3,Sergio Leone,1984,3h 49m,18,images\OnceUponaTimeinAmerica.jpg,http://www.imdb.com/title/tt0087843/
81,Your Name.,8.4,Makoto Shinkai,2016,1h 46m,12A,images\YourName.jpg,http://www.imdb.com/title/tt5311514/
82,Singin' in the Rain,8.3,Stanley DonenGene Kelly,1952,1h 43m,U,images\SinginintheRain.jpg,http://www.imdb.com/title/tt0045152/
83,3 Idiots,8.4,Rajkumar Hirani,2009,2h 50m,12A,images\3Idiots.jpg,http://www.imdb.com/title/tt1187043/
84,Requiem for a Dream,8.3,Darren Aronofsky,2000,1h 42m,18,images\RequiemforaDream.jpg,http://www.imdb.com/title/tt0180093/
85,High and Low,8.4,Akira Kurosawa,1963,2h 23m,12,images\HighandLow.jpg,http://www.imdb.com/title/tt0057565/
86,Toy Story 3,8.3,Lee Unkrich,2010,1h 43m,U,images\ToyStory3.jpg,http://www.imdb.com/title/tt0435761/
87,Capernaum,8.4,Nadine Labaki,2018,2h 6m,15,images\Capernaum.jpg,http://www.imdb.com/title/tt8267604/
88,Star Wars: Return of the Jedi,8.3,Richard Marquand,1983,2h 11m,U,images\StarWarsReturnoftheJedi.jpg,http://www.imdb.com/title/tt0086190/
89,2001: A Space Odyssey,8.3,Stanley Kubrick,1968,2h 29m,U,images\2001ASpaceOdyssey.jpg,http://www.imdb.com/title/tt0062622/
90,Eternal Sunshine of the Spotless Mind,8.3,Michel Gondry,2004,1h 48m,15,images\EternalSunshineoftheSpotlessMind.jpg,http://www.imdb.com/title/tt0338013/
91,Come and See,8.4,Elem Klimov,1985,2h 22m,15,images\ComeandSee.jpg,http://www.imdb.com/title/tt0091251/
92,The Hunt,8.3,Thomas Vinterberg,2012,1h 55m,15,images\TheHunt.jpg,http://www.imdb.com/title/tt2106476/
93,Reservoir Dogs,8.3,Quentin Tarantino,1992,1h 39m,18,images\ReservoirDogs.jpg,http://www.imdb.com/title/tt0105236/
94,Lawrence of Arabia,8.3,David Lean,1962,3h 38m,PG,images\LawrenceofArabia.jpg,http://www.imdb.com/title/tt0056172/
95,Citizen Kane,8.3,Orson Welles,1941,1h 59m,A,images\CitizenKane.jpg,http://www.imdb.com/title/tt0033467/
96,M,8.3,Fritz Lang,1931,1h 57m,A,images\M.jpg,http://www.imdb.com/title/tt0022100/
97,Ikiru,8.3,Akira Kurosawa,1952,2h 23m,A,images\Ikiru.jpg,http://www.imdb.com/title/tt0044741/
98,North by Northwest,8.3,Alfred Hitchcock,1959,2h 16m,A,images\NorthbyNorthwest.jpg,http://www.imdb.com/title/tt0053125/
99,The Apartment,8.3,Billy Wilder,1960,2h 5m,A,images\TheApartment.jpg,http://www.imdb.com/title/tt0053604/
100,Vertigo,8.3,Alfred Hitchcock,1958,2h 8m,A,images\Vertigo.jpg,http://www.imdb.com/title/tt0052357/
101,Amélie,8.3,Jean-Pierre Jeunet,2001,2h 2m,15,images\Amélie.jpg,http://www.imdb.com/title/tt0211915/
102,Double Indemnity,8.3,Billy Wilder,1944,1h 47m,A,images\DoubleIndemnity.jpg,http://www.imdb.com/title/tt0036775/
103,A Clockwork Orange,8.3,Stanley Kubrick,1971,2h 16m,X,images\AClockworkOrange.jpg,http://www.imdb.com/title/tt0066921/
104,Full Metal Jacket,8.3,Stanley Kubrick,1987,1h 56m,18,images\FullMetalJacket.jpg,http://www.imdb.com/title/tt0093058/
105,Scarface,8.3,Brian De Palma,1983,2h 50m,18,images\Scarface.jpg,http://www.imdb.com/title/tt0086250/
106,Incendies,8.3,Denis Villeneuve,2010,2h 11m,15,images\Incendies.jpg,http://www.imdb.com/title/tt1255953/
107,Heat,8.3,Michael Mann,1995,2h 50m,15,images\Heat.jpg,http://www.imdb.com/title/tt0113277/
108,Hamilton,8.3,Thomas Kail,2020,2h 40m,12,images\Hamilton.jpg,http://www.imdb.com/title/tt8503618/
109,Up,8.3,Pete DocterBob Peterson,2009,1h 36m,U,images\Up.jpg,http://www.imdb.com/title/tt1049413/
110,To Kill a Mockingbird,8.3,Robert Mulligan,1962,2h 9m,A,images\ToKillaMockingbird.jpg,http://www.imdb.com/title/tt0056592/
111,The Sting,8.3,George Roy Hill,1973,2h 9m,A,images\TheSting.jpg,http://www.imdb.com/title/tt0070735/
112,A Separation,8.3,Asghar Farhadi,2011,2h 3m,PG,images\ASeparation.jpg,http://www.imdb.com/title/tt1832382/
113,Metropolis,8.3,Fritz Lang,1927,2h 33m,A,images\Metropolis.jpg,http://www.imdb.com/title/tt0017136/
114,Die Hard,8.2,John McTiernan,1988,2h 12m,18,images\DieHard.jpg,http://www.imdb.com/title/tt0095016/
115,L.A. Confidential,8.2,Curtis Hanson,1997,2h 18m,18,images\LAConfidential.jpg,http://www.imdb.com/title/tt0119488/
116,Indiana Jones and the Last Crusade,8.2,Steven Spielberg,1989,2h 7m,PG,images\IndianaJonesandtheLastCrusade.jpg,http://www.imdb.com/title/tt0097576/
117,Taxi Driver,8.2,Martin Scorsese,1976,1h 54m,X,images\TaxiDriver.jpg,http://www.imdb.com/title/tt0075314/
118,Snatch,8.2,Guy Ritchie,2000,1h 44m,18,images\Snatch.jpg,http://www.imdb.com/title/tt0208092/
119,Bicycle Thieves,8.3,Vittorio De Sica,1948,1h 29m,U,images\BicycleThieves.jpg,http://www.imdb.com/title/tt0040522/
120,Like Stars on Earth,8.3,Aamir KhanAmole Gupte,2007,2h 45m,PG,images\LikeStarsonEarth.jpg,http://www.imdb.com/title/tt0986264/
121,1917,8.2,Sam Mendes,2019,1h 59m,15,images\1917.jpg,http://www.imdb.com/title/tt8579674/
122,Top Gun: Maverick,8.3,Joseph Kosinski,2022,2h 10m,12A,images\TopGunMaverick.jpg,http://www.imdb.com/title/tt1745960/
123,Downfall,8.2,Oliver Hirschbiegel,2004,2h 36m,15,images\Downfall.jpg,http://www.imdb.com/title/tt0363163/
124,Dangal,8.3,Nitesh Tiwari,2016,2h 41m,PG,images\Dangal.jpg,http://www.imdb.com/title/tt5074352/
125,For a Few Dollars More,8.2,Sergio Leone,1965,2h 12m,X,images\ForaFewDollarsMore.jpg,http://www.imdb.com/title/tt0059578/
126,Batman Begins,8.2,Christopher Nolan,2005,2h 20m,12A,images\BatmanBegins.jpg,http://www.imdb.com/title/tt0372784/
127,The Kid,8.3,Charles Chaplin,1921,1h 8m,U,images\TheKid.jpg,http://www.imdb.com/title/tt0012349/
128,Some Like It Hot,8.2,Billy Wilder,1959,2h 1m,A,images\SomeLikeItHot.jpg,http://www.imdb.com/title/tt0053291/
129,The Father,8.2,Florian Zeller,2020,1h 37m,12A,images\TheFather.jpg,http://www.imdb.com/title/tt10272386/
130,The Wolf of Wall Street,8.2,Martin Scorsese,2013,3h,18,images\TheWolfofWallStreet.jpg,http://www.imdb.com/title/tt0993846/
131,All About Eve,8.2,Joseph L. Mankiewicz,1950,2h 18m,A,images\AllAboutEve.jpg,http://www.imdb.com/title/tt0042192/
132,Green Book,8.2,Peter Farrelly,2018,2h 10m,12A,images\GreenBook.jpg,http://www.imdb.com/title/tt6966692/
133,Judgment at Nuremberg,8.3,Stanley Kramer,1961,2h 59m,A,images\JudgmentatNuremberg.jpg,http://www.imdb.com/title/tt0055031/
134,Ran,8.2,Akira Kurosawa,1985,2h 42m,15,images\Ran.jpg,http://www.imdb.com/title/tt0089881/
135,Casino,8.2,Martin Scorsese,1995,2h 58m,18,images\Casino.jpg,http://www.imdb.com/title/tt0112641/
136,The Truman Show,8.2,Peter Weir,1998,1h 43m,PG,images\TheTrumanShow.jpg,http://www.imdb.com/title/tt0120382/
137,There Will Be Blood,8.2,Paul Thomas Anderson,2007,2h 38m,12A,images\ThereWillBeBlood.jpg,http://www.imdb.com/title/tt0469494/
138,Pan's Labyrinth,8.2,Guillermo del Toro,2006,1h 58m,15,images\PansLabyrinth.jpg,http://www.imdb.com/title/tt0457430/
139,Unforgiven,8.2,Clint Eastwood,1992,2h 10m,15,images\Unforgiven.jpg,http://www.imdb.com/title/tt0105695/
140,Shutter Island,8.2,Martin Scorsese,2010,2h 18m,15,images\ShutterIsland.jpg,http://www.imdb.com/title/tt1130884/
141,The Sixth Sense,8.2,M. Night Shyamalan,1999,1h 47m,15,images\TheSixthSense.jpg,http://www.imdb.com/title/tt0167404/
142,Jurassic Park,8.2,Steven Spielberg,1993,2h 7m,PG,images\JurassicPark.jpg,http://www.imdb.com/title/tt0107290/
143,A Beautiful Mind,8.2,Ron Howard,2001,2h 15m,12,images\ABeautifulMind.jpg,http://www.imdb.com/title/tt0268978/
144,Yojimbo,8.2,Akira Kurosawa,1961,1h 50m,A,images\Yojimbo.jpg,http://www.imdb.com/title/tt0055630/
145,The Treasure of the Sierra Madre,8.2,John Huston,1948,2h 6m,A,images\TheTreasureoftheSierraMadre.jpg,http://www.imdb.com/title/tt0040897/
146,Monty Python and the Holy Grail,8.2,Terry GilliamTerry Jones,1975,1h 31m,12A,images\MontyPythonandtheHolyGrail.jpg,http://www.imdb.com/title/tt0071853/
147,No Country for Old Men,8.2,Ethan CoenJoel Coen,2007,2h 2m,15,images\NoCountryforOldMen.jpg,http://www.imdb.com/title/tt0477348/
148,Guardians of the Galaxy Vol. 3,8.3,James Gunn,2023,2h 30m,12A,images\GuardiansoftheGalaxyVol3.jpg,http://www.imdb.com/title/tt6791350/
149,Kill Bill: Vol. 1,8.2,Quentin Tarantino,2003,1h 51m,18,images\KillBillVol1.jpg,http://www.imdb.com/title/tt0266697/
150,The Great Escape,8.2,John Sturges,1963,2h 52m,PG,images\TheGreatEscape.jpg,http://www.imdb.com/title/tt0057115/
151,Rashomon,8.2,Akira Kurosawa,1950,1h 28m,X,images\Rashomon.jpg,http://www.imdb.com/title/tt0042876/
152,The Thing,8.2,John Carpenter,1982,1h 49m,X,images\TheThing.jpg,http://www.imdb.com/title/tt0084787/
153,Finding Nemo,8.2,Andrew StantonLee Unkrich,2003,1h 40m,U,images\FindingNemo.jpg,http://www.imdb.com/title/tt0266543/
154,Spider-Man: No Way Home,8.2,Jon Watts,2021,2h 28m,12A,images\SpiderManNoWayHome.jpg,http://www.imdb.com/title/tt10872600/
155,The Elephant Man,8.2,David Lynch,1980,2h 4m,AA,images\TheElephantMan.jpg,http://www.imdb.com/title/tt0080678/
156,Chinatown,8.2,Roman Polanski,1974,2h 10m,X,images\Chinatown.jpg,http://www.imdb.com/title/tt0071315/
157,V for Vendetta,8.2,James McTeigue,2005,2h 12m,15,images\VforVendetta.jpg,http://www.imdb.com/title/tt0434409/
158,Raging Bull,8.1,Martin Scorsese,1980,2h 9m,X,images\RagingBull.jpg,http://www.imdb.com/title/tt0081398/
159,Gone with the Wind,8.2,Victor FlemingGeorge CukorSam Wood,1939,3h 58m,PG,images\GonewiththeWind.jpg,http://www.imdb.com/title/tt0031381/
160,Dial M for Murder,8.2,Alfred Hitchcock,1954,1h 45m,PG,images\DialMforMurder.jpg,http://www.imdb.com/title/tt0046912/
161,"Lock, Stock and Two Smoking Barrels",8.1,Guy Ritchie,1998,1h 47m,18,images\LockStockandTwoSmokingBarrels.jpg,http://www.imdb.com/title/tt0120735/
162,Inside Out,8.1,Pete DocterRonnie Del Carmen,2015,1h 35m,U,images\InsideOut.jpg,http://www.imdb.com/title/tt2096673/
163,Howl's Moving Castle,8.2,Hayao Miyazaki,2004,1h 59m,U,images\HowlsMovingCastle.jpg,http://www.imdb.com/title/tt0347149/
164,The Secret in Their Eyes,8.2,Juan José Campanella,2009,2h 9m,18,images\TheSecretinTheirEyes.jpg,http://www.imdb.com/title/tt1305806/
165,"Three Billboards Outside Ebbing, Missouri",8.1,Martin McDonagh,2017,1h 55m,15,images\ThreeBillboardsOutsideEbbingMissouri.jpg,http://www.imdb.com/title/tt5027774/
166,Trainspotting,8.1,Danny Boyle,1996,1h 33m,18,images\Trainspotting.jpg,http://www.imdb.com/title/tt0117951/
167,Prisoners,8.1,Denis Villeneuve,2013,2h 33m,15,images\Prisoners.jpg,http://www.imdb.com/title/tt1392214/
168,The Bridge on the River Kwai,8.1,David Lean,1957,2h 41m,U,images\TheBridgeontheRiverKwai.jpg,http://www.imdb.com/title/tt0050212/
169,Fargo,8.1,Joel CoenEthan Coen,1996,1h 38m,18,images\Fargo.jpg,http://www.imdb.com/title/tt0116282/
170,Warrior,8.1,Gavin O'Connor,2011,2h 20m,12A,images\Warrior.jpg,http://www.imdb.com/title/tt1291584/
171,Gran Torino,8.1,Clint Eastwood,2008,1h 56m,15,images\GranTorino.jpg,http://www.imdb.com/title/tt1205489/
172,Catch Me If You Can,8.1,Steven Spielberg,2002,2h 21m,12A,images\CatchMeIfYouCan.jpg,http://www.imdb.com/title/tt0264464/
173,My Neighbour Totoro,8.1,Hayao Miyazaki,1988,1h 26m,U,images\MyNeighbourTotoro.jpg,http://www.imdb.com/title/tt0096283/
174,Million Dollar Baby,8.1,Clint Eastwood,2004,2h 12m,12A,images\MillionDollarBaby.jpg,http://www.imdb.com/title/tt0405159/
175,Children of Heaven,8.2,Majid Majidi,1997,1h 29m,PG,images\ChildrenofHeaven.jpg,http://www.imdb.com/title/tt0118849/
176,Blade Runner,8.1,Ridley Scott,1982,1h 57m,AA,images\BladeRunner.jpg,http://www.imdb.com/title/tt0083658/
177,The Gold Rush,8.1,Charles Chaplin,1925,1h 35m,U,images\TheGoldRush.jpg,http://www.imdb.com/title/tt0015864/
178,Klaus,8.2,Sergio PablosCarlos Martínez López,2019,1h 36m,PG,images\Klaus.jpg,http://www.imdb.com/title/tt4729430/
179,Harry Potter and the Deathly Hallows: Part 2,8.1,David Yates,2011,2h 10m,12A,images\HarryPotterandtheDeathlyHallowsPart2.jpg,http://www.imdb.com/title/tt1201607/
180,Before Sunrise,8.1,Richard Linklater,1995,1h 41m,15,images\BeforeSunrise.jpg,http://www.imdb.com/title/tt0112471/
181,12 Years a Slave,8.1,Steve McQueen,2013,2h 14m,15,images\12YearsaSlave.jpg,http://www.imdb.com/title/tt2024544/
182,Ben-Hur,8.1,William Wyler,1959,3h 32m,A,images\BenHur.jpg,http://www.imdb.com/title/tt0052618/
183,The Grand Budapest Hotel,8.1,Wes Anderson,2014,1h 39m,15,images\TheGrandBudapestHotel.jpg,http://www.imdb.com/title/tt2278388/
184,On the Waterfront,8.1,Elia Kazan,1954,1h 48m,A,images\OntheWaterfront.jpg,http://www.imdb.com/title/tt0047296/
185,Gone Girl,8.1,David Fincher,2014,2h 29m,18,images\GoneGirl.jpg,http://www.imdb.com/title/tt2267998/
186,The General,8.1,Clyde BruckmanBuster Keaton,1926,1h 7m,U,images\TheGeneral.jpg,http://www.imdb.com/title/tt0017925/
187,Barry Lyndon,8.1,Stanley Kubrick,1975,3h 5m,A,images\BarryLyndon.jpg,http://www.imdb.com/title/tt0072684/
188,Wild Strawberries,8.1,Ingmar Bergman,1957,1h 31m,A,images\WildStrawberries.jpg,http://www.imdb.com/title/tt0050986/
189,In the Name of the Father,8.1,Jim Sheridan,1993,2h 13m,15,images\IntheNameoftheFather.jpg,http://www.imdb.com/title/tt0107207/
190,The Deer Hunter,8.1,Michael Cimino,1978,3h 3m,X,images\TheDeerHunter.jpg,http://www.imdb.com/title/tt0077416/
191,Hacksaw Ridge,8.1,Mel Gibson,2016,2h 19m,15,images\HacksawRidge.jpg,http://www.imdb.com/title/tt2119532/
192,The Third Man,8.1,Carol Reed,1949,1h 44m,A,images\TheThirdMan.jpg,http://www.imdb.com/title/tt0041959/
193,Memories of Murder,8.1,Bong Joon Ho,2003,2h 11m,15,images\MemoriesofMurder.jpg,http://www.imdb.com/title/tt0353969/
194,The Wages of Fear,8.2,Henri-Georges Clouzot,1953,2h 11m,A,images\TheWagesofFear.jpg,http://www.imdb.com/title/tt0046268/
195,Sherlock Jr.,8.2,Buster Keaton,1924,45m,U,images\SherlockJr.jpg,http://www.imdb.com/title/tt0015324/
196,Wild Tales,8.1,Damián Szifron,2014,2h 2m,15,images\WildTales.jpg,http://www.imdb.com/title/tt3011894/
197,Mr. Smith Goes to Washington,8.1,Frank Capra,1939,2h 9m,U,images\MrSmithGoestoWashington.jpg,http://www.imdb.com/title/tt0031679/
198,Mad Max: Fury Road,8.1,George Miller,2015,2h,15,images\MadMaxFuryRoad.jpg,http://www.imdb.com/title/tt1392190/
199,Mary and Max,8.1,Adam Elliot,2009,1h 32m,12A,images\MaryandMax.jpg,http://www.imdb.com/title/tt0978762/
200,Dead Poets Society,8.1,Peter Weir,1989,2h 8m,PG,images\DeadPoetsSociety.jpg,http://www.imdb.com/title/tt0097165/
201,How to Train Your Dragon,8.1,Dean DeBloisChris Sanders,2010,1h 38m,PG,images\HowtoTrainYourDragon.jpg,http://www.imdb.com/title/tt0892769/
202,"Monsters, Inc.",8.1,Pete DocterDavid SilvermanLee Unkrich,2001,1h 32m,U,images\MonstersInc.jpg,http://www.imdb.com/title/tt0198781/
203,The Seventh Seal,8.1,Ingmar Bergman,1957,1h 36m,X,images\TheSeventhSeal.jpg,http://www.imdb.com/title/tt0050976/
204,Jaws,8.1,Steven Spielberg,1975,2h 4m,A,images\Jaws.jpg,http://www.imdb.com/title/tt0073195/
205,Room,8.1,Lenny Abrahamson,2015,1h 58m,15,images\Room.jpg,http://www.imdb.com/title/tt3170832/
206,The Big Lebowski,8.1,Joel CoenEthan Coen,1998,1h 57m,18,images\TheBigLebowski.jpg,http://www.imdb.com/title/tt0118715/
207,Tokyo Story,8.2,Yasujirô Ozu,1953,2h 16m,U,images\TokyoStory.jpg,http://www.imdb.com/title/tt0046438/
208,Le Mans '66,8.1,James Mangold,2019,2h 32m,12A,images\LeMans66.jpg,http://www.imdb.com/title/tt1950186/
209,The Passion of Joan of Arc,8.2,Carl Theodor Dreyer,1928,1h 50m,A,images\ThePassionofJoanofArc.jpg,http://www.imdb.com/title/tt0019254/
210,Hotel Rwanda,8.1,Terry George,2004,2h 1m,12A,images\HotelRwanda.jpg,http://www.imdb.com/title/tt0395169/
211,Rocky,8.1,John G. Avildsen,1976,2h,12,images\Rocky.jpg,http://www.imdb.com/title/tt0075148/
212,Ratatouille,8.1,Brad BirdJan Pinkava,2007,1h 51m,U,images\Ratatouille.jpg,http://www.imdb.com/title/tt0382932/
213,Platoon,8.1,Oliver Stone,1986,2h,15,images\Platoon.jpg,http://www.imdb.com/title/tt0091763/
214,Logan,8.1,James Mangold,2017,2h 17m,15,images\Logan.jpg,http://www.imdb.com/title/tt3315342/
215,Spotlight,8.1,Tom McCarthy,2015,2h 9m,15,images\Spotlight.jpg,http://www.imdb.com/title/tt1895587/
216,The Terminator,8.1,James Cameron,1984,1h 47m,18,images\TheTerminator.jpg,http://www.imdb.com/title/tt0088247/
217,Stand by Me,8.1,Rob Reiner,1986,1h 29m,15,images\StandbyMe.jpg,http://www.imdb.com/title/tt0092005/
218,Rush,8.1,Ron Howard,2013,2h 3m,15,images\Rush.jpg,http://www.imdb.com/title/tt1979320/
219,Network,8.1,Sidney Lumet,1976,2h 1m,AA,images\Network.jpg,http://www.imdb.com/title/tt0074958/
220,Before Sunset,8.1,Richard Linklater,2004,1h 20m,15,images\BeforeSunset.jpg,http://www.imdb.com/title/tt0381681/
221,The Wizard of Oz,8.1,Victor FlemingGeorge CukorMervyn LeRoy,1939,1h 42m,A,images\TheWizardofOz.jpg,http://www.imdb.com/title/tt0032138/
222,Into the Wild,8.1,Sean Penn,2007,2h 28m,15,images\IntotheWild.jpg,http://www.imdb.com/title/tt0758758/
223,The Best Years of Our Lives,8.1,William Wyler,1946,2h 50m,U,images\TheBestYearsofOurLives.jpg,http://www.imdb.com/title/tt0036868/
224,The Exorcist,8.1,William Friedkin,1973,2h 2m,X,images\TheExorcist.jpg,http://www.imdb.com/title/tt0070047/
225,Groundhog Day,8.0,Harold Ramis,1993,1h 41m,PG,images\GroundhogDay.jpg,http://www.imdb.com/title/tt0107048/
226,The Incredibles,8.0,Brad Bird,2004,1h 55m,U,images\TheIncredibles.jpg,http://www.imdb.com/title/tt0317705/
227,La haine,8.1,Mathieu Kassovitz,1995,1h 38m,15,images\Lahaine.jpg,http://www.imdb.com/title/tt0113247/
228,To Be or Not to Be,8.2,Ernst Lubitsch,1942,1h 39m,U,images\ToBeorNottoBe.jpg,http://www.imdb.com/title/tt0035446/
229,Pirates of the Caribbean: The Curse of the Black Pearl,8.1,Gore Verbinski,2003,2h 23m,12A,images\PiratesoftheCaribbeanTheCurseoftheBlackPearl.jpg,http://www.imdb.com/title/tt0325980/
230,The Grapes of Wrath,8.1,John Ford,1940,2h 9m,A,images\TheGrapesofWrath.jpg,http://www.imdb.com/title/tt0032551/
231,Hachi: A Dog's Tale,8.1,Lasse Hallström,2009,1h 33m,U,images\HachiADogsTale.jpg,http://www.imdb.com/title/tt1028532/
232,The Battle of Algiers,8.1,Gillo Pontecorvo,1966,2h 1m,X,images\TheBattleofAlgiers.jpg,http://www.imdb.com/title/tt0058946/
233,Pather Panchali,8.2,Satyajit Ray,1955,2h 5m,U,images\PatherPanchali.jpg,http://www.imdb.com/title/tt0048473/
234,Jai Bhim,8.8,T.J. Gnanavel,2021,2h 44m,Not Rated,images\JaiBhim.jpg,http://www.imdb.com/title/tt15097216/
235,Amores perros,8.1,Alejandro G. Iñárritu,2000,2h 34m,18,images\Amoresperros.jpg,http://www.imdb.com/title/tt0245712/
236,My Father and My Son,8.2,Çagan Irmak,2005,1h 52m,PG,images\MyFatherandMySon.jpg,http://www.imdb.com/title/tt0476735/
237,John Wick: Chapter 4,8.1,Chad Stahelski,2023,2h 49m,15,images\JohnWickChapter4.jpg,http://www.imdb.com/title/tt10366206/
238,The Handmaiden,8.1,Park Chan-wook,2016,2h 25m,18,images\TheHandmaiden.jpg,http://www.imdb.com/title/tt4016934/
239,Rebecca,8.1,Alfred Hitchcock,1940,2h 10m,A,images\Rebecca.jpg,http://www.imdb.com/title/tt0032976/
240,Cool Hand Luke,8.1,Stuart Rosenberg,1967,2h 7m,A,images\CoolHandLuke.jpg,http://www.imdb.com/title/tt0061512/
241,The Sound of Music,8.1,Robert Wise,1965,2h 52m,U,images\TheSoundofMusic.jpg,http://www.imdb.com/title/tt0059742/
242,The 400 Blows,8.1,François Truffaut,1959,1h 39m,A,images\The400Blows.jpg,http://www.imdb.com/title/tt0053198/
243,It Happened One Night,8.1,Frank Capra,1934,1h 45m,A,images\ItHappenedOneNight.jpg,http://www.imdb.com/title/tt0025316/
244,Persona,8.1,Ingmar Bergman,1966,1h 25m,X,images\Persona.jpg,http://www.imdb.com/title/tt0060827/
245,Life of Brian,8.0,Terry Jones,1979,1h 34m,AA,images\LifeofBrian.jpg,http://www.imdb.com/title/tt0079470/
246,The Iron Giant,8.1,Brad Bird,1999,1h 26m,U,images\TheIronGiant.jpg,http://www.imdb.com/title/tt0129167/
247,The Help,8.1,Tate Taylor,2011,2h 26m,12A,images\TheHelp.jpg,http://www.imdb.com/title/tt1454029/
248,Aladdin,8.0,Ron ClementsJohn Musker,1992,1h 30m,U,images\Aladdin.jpg,http://www.imdb.com/title/tt0103639/
249,Dances with Wolves,8.0,Kevin Costner,1990,3h 1m,12,images\DanceswithWolves.jpg,http://www.imdb.com/title/tt0099348/
